[
  {
    "name": "pnp-sp-dev-spfx-web-parts-js-display-list",
    "source": "pnp",
    "title": "Display List JavaScript Client-Side Web Part",
    "shortDescription": "This simplistic sample Web Part demonstrates the use of JavaScript in a SharePoint Framework web part. The properties pane for this web part display a drop down list of lists in the current web. Once the user selects one of the lists, the web part display the contents of the list.",
    "url": "https://github.com/pnp/sp-dev-fx-webparts/tree/main/samples/js-display-list",
    "longDescription": [
      "This simplistic sample Web Part demonstrates the use of JavaScript in a SharePoint Framework web part. The properties pane for this web part display a drop down list of lists in the current web. Once the user selects one of the lists, the web part display the contents of the list."
    ],
    "creationDateTime": "2020-08-29",
    "updateDateTime": "2020-08-29",
    "products": [
      "SharePoint"
    ],
    "metadata": [
      {
        "key": "CLIENT-SIDE-DEV",
        "value": "Javascript"
      },
      {
        "key": "SPFX-VERSION",
        "value": "1.11.0"
      }
    ],
    "thumbnails": [
      {
        "type": "image",
        "order": 100,
        "url": "https://github.com/pnp/sp-dev-fx-webparts/raw/main/samples/js-display-list/assets/display-list-preview.png",
        "alt": "Display List JavaScript Client-Side Web Part"
      }
    ],
    "authors": [
      {
        "gitHubAccount": "VelinGeorgiev",
        "company": "",
        "pictureUrl": "https://github.com/VelinGeorgiev.png",
        "name": "Velin Georgiev"
      },
      {
        "gitHubAccount": "sharepointknight",
        "company": "",
        "pictureUrl": "https://github.com/sharepointknight.png",
        "name": "Ryan Schouten"
      }
    ],
    "references": [
      {
        "name": "Build your first SharePoint client-side web part",
        "description": "Client-side web parts are client-side components that run in the context of a SharePoint page. Client-side web parts can be deployed to SharePoint environments that support the SharePoint Framework. You can also use modern JavaScript web frameworks, tools, and libraries to build them.",
        "url": "https://learn.microsoft.com/sharepoint/dev/spfx/web-parts/get-started/build-a-hello-world-web-part"
      }
    ]
  }
]
