{
  "$schema": "https://developer.microsoft.com/json-schemas/spfx/client-side-web-part-manifest.schema.json",

  "id": "1b513296-0d6c-4992-880a-007876428daa",
  "alias": "JsDisplayListWebpart",
  "componentType": "WebPart",
  "version": "*",
  "manifestVersion": 2,
  "supportedHosts": ["SharePointWebPart"],
  "safeWithCustomScriptDisabled": false,

  "preconfiguredEntries": [{
    "groupId": "1b513296-0d6c-4992-880a-007876428daa",
    "group": { "default": "Other" },
    "title": { "default": "js-display-list" },
    "description": { "default": "Display Data from a SharePoint List" },
    "officeFabricIconFontName": "Page",
    "properties": {
       "description": "DisplayList",
      "listTitle": "Announcements"
    }
  }]
}
