{
  "$schema": "https://developer.microsoft.com/json-schemas/spfx/client-side-web-part-manifest.schema.json",
  "id": "8635c52e-cf0b-4c6d-a5ba-66f1d8d92005",
  "alias": "LibraryDocumentsWebPart",
  "componentType": "WebPart",
  // The "*" signifies that the version should be taken from the package.json
  "version": "*",
  "manifestVersion": 2,
  // If true, the component can only be installed on sites where Custom Script is allowed.
  // Components that allow authors to embed arbitrary script code should set this to true.
  // https://support.office.com/en-us/article/Turn-scripting-capabilities-on-or-off-1f2c515f-5d7e-448a-9fd7-835da935584f
  "requiresCustomScript": false,
  "supportedHosts": ["SharePointWebPart"],
  "preconfiguredEntries": [
    {
      "groupId": "5c03119e-3074-46fd-976b-c60198311f70", // Other
      "group": {
        "default": "SPFx Samples"
      },
      "title": {
        "default": "Library Documents"
      },
      "description": {
        "default": "A sample webpart that displays library documents in Office UI Fabric DetailsList."
      },
      "officeFabricIconFontName": "Page",
      "properties": {
        "libraryUrl": ""
      }
    }
  ]
}